,unique_id,price_paid,deed_date,postcode,property_type,new_build,estate_type,saon,paon,street,locality,town,district,county,transaction_category,linked_data_uri,source_file,combined_address,ADDRESS_V1,fuzzy_match,match_confidence
0,E2D14905-119C-4C2D-E053-6B04A8C0422B,582000,2022-06-06,HP13 5AA,S,N,F,nan,49,AMERSHAM ROAD,,HIGH WYCOMBE,BUCKINGHAMSHIRE,BUCKINGHAMSHIRE,A,http://landregistry.data.gov.uk/data/ppi/transaction/E2D14905-119C-4C2D-E053-6B04A8C0422B/current,./data-land_registry/HP13-march2020-to-nov2025.csv,49 amersham road nan hp13 5aa,49 AMERSHAM ROAD HP13 5AA,49 amersham road hp13 5aa,92.5925925925926
1,2ACACE8C-96D3-295E-E063-4804A8C0B0EB,655000,2024-12-12,HP13 5AA,S,N,F,nan,67,AMERSHAM ROAD,,HIGH WYCOMBE,BUCKINGHAMSHIRE,BUCKINGHAMSHIRE,A,http://landregistry.data.gov.uk/data/ppi/transaction/2ACACE8C-96D3-295E-E063-4804A8C0B0EB/current,./data-land_registry/HP13-march2020-to-nov2025.csv,67 amersham road nan hp13 5aa,67 AMERSHAM ROAD HP13 5AA,67a amersham road hp13 5aa,90.9090909090909
2,D4D42645-4622-27F6-E053-6C04A8C0A572,560000,2021-10-28,HP13 5AA,S,N,F,nan,67,AMERSHAM ROAD,,HIGH WYCOMBE,BUCKINGHAMSHIRE,BUCKINGHAMSHIRE,A,http://landregistry.data.gov.uk/data/ppi/transaction/D4D42645-4622-27F6-E053-6C04A8C0A572/current,./data-land_registry/HP13-march2020-to-nov2025.csv,67 amersham road nan hp13 5aa,67 AMERSHAM ROAD HP13 5AA,67a amersham road hp13 5aa,90.9090909090909
3,34222871-FD7A-4D2B-E063-4704A8C07853,375000,2025-03-31,HP13 5AB,T,N,F,nan,134,AMERSHAM ROAD,,HIGH WYCOMBE,BUCKINGHAMSHIRE,BUCKINGHAMSHIRE,A,http://landregistry.data.gov.uk/data/ppi/transaction/34222871-FD7A-4D2B-E063-4704A8C07853/current,./data-land_registry/HP13-march2020-to-nov2025.csv,134 amersham road nan hp13 5ab,134 AMERSHAM ROAD HP13 5AB,134 amersham road hp13 5ab,92.85714285714286
4,F5E8B080-E8B1-3A13-E053-6C04A8C060B7,440000,2023-01-20,HP13 5AD,S,N,F,nan,145,AMERSHAM ROAD,,HIGH WYCOMBE,BUCKINGHAMSHIRE,BUCKINGHAMSHIRE,A,http://landregistry.data.gov.uk/data/ppi/transaction/F5E8B080-E8B1-3A13-E053-6C04A8C060B7/current,./data-land_registry/HP13-march2020-to-nov2025.csv,145 amersham road nan hp13 5ad,145 AMERSHAM ROAD HP13 5AD,145 amersham road hp13 5ad,92.85714285714286
5,E7B085FB-D13C-7E31-E053-6C04A8C0E67F,475000,2022-08-02,HP13 5AE,S,N,F,nan,149,AMERSHAM ROAD,,HIGH WYCOMBE,BUCKINGHAMSHIRE,BUCKINGHAMSHIRE,A,http://landregistry.data.gov.uk/data/ppi/transaction/E7B085FB-D13C-7E31-E053-6C04A8C0E67F/current,./data-land_registry/HP13-march2020-to-nov2025.csv,149 amersham road nan hp13 5ae,149 AMERSHAM ROAD HP13 5AE,149 amersham road hp13 5ae,92.85714285714286
6,E073986A-D2E8-2134-E053-6C04A8C0233B,365000,2022-04-26,HP13 5AE,S,N,F,nan,151,AMERSHAM ROAD,,HIGH WYCOMBE,BUCKINGHAMSHIRE,BUCKINGHAMSHIRE,A,http://landregistry.data.gov.uk/data/ppi/transaction/E073986A-D2E8-2134-E053-6C04A8C0233B/current,./data-land_registry/HP13-march2020-to-nov2025.csv,151 amersham road nan hp13 5ae,151 AMERSHAM ROAD HP13 5AE,151 amersham road hp13 5ae,92.85714285714286
7,2D4D7608-A55B-BDF9-E063-4804A8C0672F,427500,2025-01-06,HP13 5AE,S,N,F,nan,153,AMERSHAM ROAD,,HIGH WYCOMBE,BUCKINGHAMSHIRE,BUCKINGHAMSHIRE,A,http://landregistry.data.gov.uk/data/ppi/transaction/2D4D7608-A55B-BDF9-E063-4804A8C0672F/current,./data-land_registry/HP13-march2020-to-nov2025.csv,153 amersham road nan hp13 5ae,153 AMERSHAM ROAD HP13 5AE,153 amersham road hp13 5ae,92.85714285714286
8,BEF7EBBE-9576-7A76-E053-6B04A8C092F7,390000,2021-01-12,HP13 5AE,S,N,F,nan,153,AMERSHAM ROAD,,HIGH WYCOMBE,BUCKINGHAMSHIRE,BUCKINGHAMSHIRE,A,http://landregistry.data.gov.uk/data/ppi/transaction/BEF7EBBE-9576-7A76-E053-6B04A8C092F7/current,./data-land_registry/HP13-march2020-to-nov2025.csv,153 amersham road nan hp13 5ae,153 AMERSHAM ROAD HP13 5AE,153 amersham road hp13 5ae,92.85714285714286
9,E2D14905-11E5-4C2D-E053-6B04A8C0422B,615000,2022-06-06,HP13 5AE,S,N,F,nan,155,AMERSHAM ROAD,,HIGH WYCOMBE,BUCKINGHAMSHIRE,BUCKINGHAMSHIRE,A,http://landregistry.data.gov.uk/data/ppi/transaction/E2D14905-11E5-4C2D-E053-6B04A8C0422B/current,./data-land_registry/HP13-march2020-to-nov2025.csv,155 amersham road nan hp13 5ae,155 AMERSHAM ROAD HP13 5AE,155 amersham road hp13 5ae,92.85714285714286
10,AE4D86D3-CEC6-4619-E053-6C04A8C03CD0,425000,2020-07-15,HP13 5AE,S,N,F,nan,161,AMERSHAM ROAD,,HIGH WYCOMBE,BUCKINGHAMSHIRE,BUCKINGHAMSHIRE,A,http://landregistry.data.gov.uk/data/ppi/transaction/AE4D86D3-CEC6-4619-E053-6C04A8C03CD0/current,./data-land_registry/HP13-march2020-to-nov2025.csv,161 amersham road nan hp13 5ae,161 AMERSHAM ROAD HP13 5AE,161 amersham road hp13 5ae,92.85714285714286
11,2131FCF5-BA3B-86E8-E063-4804A8C0372B,385000,2024-08-01,HP13 5AE,S,N,F,nan,181,AMERSHAM ROAD,,HIGH WYCOMBE,BUCKINGHAMSHIRE,BUCKINGHAMSHIRE,A,http://landregistry.data.gov.uk/data/ppi/transaction/2131FCF5-BA3B-86E8-E063-4804A8C0372B/current,./data-land_registry/HP13-march2020-to-nov2025.csv,181 amersham road nan hp13 5ae,181 AMERSHAM ROAD HP13 5AE,181 amersham road hp13 5ae,92.85714285714286
12,42C129E4-3ECC-60A9-E063-4804A8C0C25D,375000,2025-10-27,HP13 5AF,T,N,F,nan,142,AMERSHAM ROAD,,HIGH WYCOMBE,BUCKINGHAMSHIRE,BUCKINGHAMSHIRE,A,http://landregistry.data.gov.uk/data/ppi/transaction/42C129E4-3ECC-60A9-E063-4804A8C0C25D/current,./data-land_registry/HP13-march2020-to-nov2025.csv,142 amersham road nan hp13 5af,142 AMERSHAM ROAD HP13 5AF,142 amersham road hp13 5af,92.85714285714286
13,CD5A9DCB-8EF5-310A-E053-6C04A8C00A1F,317500,2021-03-26,HP13 5AF,T,N,F,nan,142,AMERSHAM ROAD,,HIGH WYCOMBE,BUCKINGHAMSHIRE,BUCKINGHAMSHIRE,A,http://landregistry.data.gov.uk/data/ppi/transaction/CD5A9DCB-8EF5-310A-E053-6C04A8C00A1F/current,./data-land_registry/HP13-march2020-to-nov2025.csv,142 amersham road nan hp13 5af,142 AMERSHAM ROAD HP13 5AF,142 amersham road hp13 5af,92.85714285714286
14,FFA361DA-8C53-8A03-E053-4804A8C01F61,333000,2023-04-28,HP13 5AF,T,N,F,nan,146,AMERSHAM ROAD,,HIGH WYCOMBE,BUCKINGHAMSHIRE,BUCKINGHAMSHIRE,A,http://landregistry.data.gov.uk/data/ppi/transaction/FFA361DA-8C53-8A03-E053-4804A8C01F61/current,./data-land_registry/HP13-march2020-to-nov2025.csv,146 amersham road nan hp13 5af,146 AMERSHAM ROAD HP13 5AF,146 amersham road hp13 5af,92.85714285714286
15,F16F63C5-6B01-0491-E053-6C04A8C032ED,355000,2022-12-14,HP13 5AF,T,N,F,nan,152,AMERSHAM ROAD,,HIGH WYCOMBE,BUCKINGHAMSHIRE,BUCKINGHAMSHIRE,A,http://landregistry.data.gov.uk/data/ppi/transaction/F16F63C5-6B01-0491-E053-6C04A8C032ED/current,./data-land_registry/HP13-march2020-to-nov2025.csv,152 amersham road nan hp13 5af,152 AMERSHAM ROAD HP13 5AF,152 amersham road hp13 5af,92.85714285714286
16,2859C1AB-89D9-52B4-E063-4804A8C05948,375000,2024-07-24,HP13 5AF,S,N,F,nan,164,AMERSHAM ROAD,,HIGH WYCOMBE,BUCKINGHAMSHIRE,BUCKINGHAMSHIRE,A,http://landregistry.data.gov.uk/data/ppi/transaction/2859C1AB-89D9-52B4-E063-4804A8C05948/current,./data-land_registry/HP13-march2020-to-nov2025.csv,164 amersham road nan hp13 5af,164 AMERSHAM ROAD HP13 5AF,164 amersham road hp13 5af,92.85714285714286
17,A96E4ACB-DC87-9205-E053-6C04A8C0DA09,307995,2020-05-20,HP13 5AF,S,N,F,nan,164,AMERSHAM ROAD,,HIGH WYCOMBE,BUCKINGHAMSHIRE,BUCKINGHAMSHIRE,A,http://landregistry.data.gov.uk/data/ppi/transaction/A96E4ACB-DC87-9205-E053-6C04A8C0DA09/current,./data-land_registry/HP13-march2020-to-nov2025.csv,164 amersham road nan hp13 5af,164 AMERSHAM ROAD HP13 5AF,164 amersham road hp13 5af,92.85714285714286
18,C8A3A575-E0E2-0425-E053-6C04A8C0947B,263000,2021-06-25,HP13 5AF,T,N,F,nan,182,AMERSHAM ROAD,,HIGH WYCOMBE,BUCKINGHAMSHIRE,BUCKINGHAMSHIRE,A,http://landregistry.data.gov.uk/data/ppi/transaction/C8A3A575-E0E2-0425-E053-6C04A8C0947B/current,./data-land_registry/HP13-march2020-to-nov2025.csv,182 amersham road nan hp13 5af,182 AMERSHAM ROAD HP13 5AF,182 amersham road hp13 5af,92.85714285714286
19,1061746D-B1A3-3C34-E063-4804A8C0F9E7,735000,2023-10-06,HP13 5AG,T,N,F,nan,8,DE HAVILLAND COURT,,HIGH WYCOMBE,BUCKINGHAMSHIRE,BUCKINGHAMSHIRE,A,http://landregistry.data.gov.uk/data/ppi/transaction/1061746D-B1A3-3C34-E063-4804A8C0F9E7/current,./data-land_registry/HP13-march2020-to-nov2025.csv,8 de havilland court nan hp13 5ag,8 DE HAVILLAND COURT HP13 5AG,8 de havilland court hp13 5ag,93.5483870967742
20,E53EDD2D-5F20-83EC-E053-6B04A8C03A59,670000,2022-01-20,HP13 5AG,S,N,F,nan,10,DE HAVILLAND COURT,,HIGH WYCOMBE,BUCKINGHAMSHIRE,BUCKINGHAMSHIRE,A,http://landregistry.data.gov.uk/data/ppi/transaction/E53EDD2D-5F20-83EC-E053-6B04A8C03A59/current,./data-land_registry/HP13-march2020-to-nov2025.csv,10 de havilland court nan hp13 5ag,10 DE HAVILLAND COURT HP13 5AG,10 de havilland court hp13 5ag,93.75
21,1C3E72FD-D9FC-F410-E063-4804A8C0DFA6,540000,2024-06-17,HP13 5AG,T,N,F,nan,18,DE HAVILLAND COURT,,HIGH WYCOMBE,BUCKINGHAMSHIRE,BUCKINGHAMSHIRE,A,http://landregistry.data.gov.uk/data/ppi/transaction/1C3E72FD-D9FC-F410-E063-4804A8C0DFA6/current,./data-land_registry/HP13-march2020-to-nov2025.csv,18 de havilland court nan hp13 5ag,18 DE HAVILLAND COURT HP13 5AG,18 de havilland court hp13 5ag,93.75
22,3DCCB7C9-A6A9-5B9D-E063-4704A8C0331E,625000,2025-01-20,HP13 5AG,T,N,F,nan,21,DE HAVILLAND COURT,,HIGH WYCOMBE,BUCKINGHAMSHIRE,BUCKINGHAMSHIRE,A,http://landregistry.data.gov.uk/data/ppi/transaction/3DCCB7C9-A6A9-5B9D-E063-4704A8C0331E/current,./data-land_registry/HP13-march2020-to-nov2025.csv,21 de havilland court nan hp13 5ag,21 DE HAVILLAND COURT HP13 5AG,21 de havilland court hp13 5ag,93.75
23,D22473F4-E1AC-7B40-E053-6C04A8C0A630,1130000,2021-06-30,HP13 5AJ,D,N,F,nan,CEDAR HOUSE,AMERSHAM ROAD,,HIGH WYCOMBE,BUCKINGHAMSHIRE,BUCKINGHAMSHIRE,A,http://landregistry.data.gov.uk/data/ppi/transaction/D22473F4-E1AC-7B40-E053-6C04A8C0A630/current,./data-land_registry/HP13-march2020-to-nov2025.csv,cedar house amersham road nan hp13 5aj,CEDAR HOUSE AMERSHAM ROAD HP13 5AJ,cedar house amersham road hp13 5aj,94.44444444444444
24,EED73E75-3166-6AF3-E053-6C04A8C08ABA,450000,2022-10-28,HP13 5AX,S,N,F,nan,3,TOWER STREET,,HIGH WYCOMBE,BUCKINGHAMSHIRE,BUCKINGHAMSHIRE,A,http://landregistry.data.gov.uk/data/ppi/transaction/EED73E75-3166-6AF3-E053-6C04A8C08ABA/current,./data-land_registry/HP13-march2020-to-nov2025.csv,3 tower street nan hp13 5ax,3 TOWER STREET HP13 5AX,3 tower street hp13 5ax,92.0
25,D22473F4-E3B7-7B40-E053-6C04A8C0A630,342500,2020-12-15,HP13 5AX,S,N,F,nan,9,TOWER STREET,,HIGH WYCOMBE,BUCKINGHAMSHIRE,BUCKINGHAMSHIRE,A,http://landregistry.data.gov.uk/data/ppi/transaction/D22473F4-E3B7-7B40-E053-6C04A8C0A630/current,./data-land_registry/HP13-march2020-to-nov2025.csv,9 tower street nan hp13 5ax,9 TOWER STREET HP13 5AX,9 tower street hp13 5ax,92.0
26,09266DDB-8AA8-AF90-E063-4704A8C02087,375000,2023-01-06,HP13 5AX,S,N,F,nan,16,TOWER STREET,,HIGH WYCOMBE,BUCKINGHAMSHIRE,BUCKINGHAMSHIRE,A,http://landregistry.data.gov.uk/data/ppi/transaction/09266DDB-8AA8-AF90-E063-4704A8C02087/current,./data-land_registry/HP13-march2020-to-nov2025.csv,16 tower street nan hp13 5ax,16 TOWER STREET HP13 5AX,16 tower street hp13 5ax,92.3076923076923
27,237B17FD-A85E-22AC-E063-4804A8C0EA3A,400000,2024-08-22,HP13 5AX,T,N,F,nan,25,TOWER STREET,,HIGH WYCOMBE,BUCKINGHAMSHIRE,BUCKINGHAMSHIRE,A,http://landregistry.data.gov.uk/data/ppi/transaction/237B17FD-A85E-22AC-E063-4804A8C0EA3A/current,./data-land_registry/HP13-march2020-to-nov2025.csv,25 tower street nan hp13 5ax,25 TOWER STREET HP13 5AX,25 tower street hp13 5ax,92.3076923076923
28,DE2D0CDF-56B8-51EE-E053-6C04A8C00671,380000,2022-03-04,HP13 5AY,T,N,F,nan,35,TOWER STREET,,HIGH WYCOMBE,BUCKINGHAMSHIRE,BUCKINGHAMSHIRE,A,http://landregistry.data.gov.uk/data/ppi/transaction/DE2D0CDF-56B8-51EE-E053-6C04A8C00671/current,./data-land_registry/HP13-march2020-to-nov2025.csv,35 tower street nan hp13 5ay,35 TOWER STREET HP13 5AY,35 tower street hp13 5ay,92.3076923076923
29,42C129E4-3EA5-60A9-E063-4804A8C0C25D,335500,2025-05-20,HP13 5AY,T,N,F,nan,42,TOWER STREET,,HIGH WYCOMBE,BUCKINGHAMSHIRE,BUCKINGHAMSHIRE,A,http://landregistry.data.gov.uk/data/ppi/transaction/42C129E4-3EA5-60A9-E063-4804A8C0C25D/current,./data-land_registry/HP13-march2020-to-nov2025.csv,42 tower street nan hp13 5ay,42 TOWER STREET HP13 5AY,42 tower street hp13 5ay,92.3076923076923
30,E53EDD2D-5C57-83EC-E053-6B04A8C03A59,385000,2022-07-08,HP13 5AY,S,N,F,nan,55,TOWER STREET,,HIGH WYCOMBE,BUCKINGHAMSHIRE,BUCKINGHAMSHIRE,A,http://landregistry.data.gov.uk/data/ppi/transaction/E53EDD2D-5C57-83EC-E053-6B04A8C03A59/current,./data-land_registry/HP13-march2020-to-nov2025.csv,55 tower street nan hp13 5ay,55 TOWER STREET HP13 5AY,55 tower street hp13 5ay,92.3076923076923
31,E7B085FB-D0E1-7E31-E053-6C04A8C0E67F,360000,2022-06-30,HP13 5AY,S,N,F,nan,57,TOWER STREET,,HIGH WYCOMBE,BUCKINGHAMSHIRE,BUCKINGHAMSHIRE,A,http://landregistry.data.gov.uk/data/ppi/transaction/E7B085FB-D0E1-7E31-E053-6C04A8C0E67F/current,./data-land_registry/HP13-march2020-to-nov2025.csv,57 tower street nan hp13 5ay,57 TOWER STREET HP13 5AY,57 tower street hp13 5ay,92.3076923076923
32,2F7F2B42-B16F-E08F-E063-4804A8C05A49,400000,2025-01-29,HP13 5AY,S,N,F,nan,63,TOWER STREET,,HIGH WYCOMBE,BUCKINGHAMSHIRE,BUCKINGHAMSHIRE,A,http://landregistry.data.gov.uk/data/ppi/transaction/2F7F2B42-B16F-E08F-E063-4804A8C05A49/current,./data-land_registry/HP13-march2020-to-nov2025.csv,63 tower street nan hp13 5ay,63 TOWER STREET HP13 5AY,63 tower street hp13 5ay,92.3076923076923
33,EC7AD099-4F1C-9200-E053-6C04A8C0E306,382000,2022-08-01,HP13 5BA,S,N,F,nan,6,GREEN ROAD,,HIGH WYCOMBE,BUCKINGHAMSHIRE,BUCKINGHAMSHIRE,A,http://landregistry.data.gov.uk/data/ppi/transaction/EC7AD099-4F1C-9200-E053-6C04A8C0E306/current,./data-land_registry/HP13-march2020-to-nov2025.csv,6 green road nan hp13 5ba,6 GREEN ROAD HP13 5BA,6 green road hp13 5ba,91.30434782608697
34,CFC9085C-51DC-9A70-E053-6B04A8C09D6A,370000,2021-06-18,HP13 5BA,S,N,F,nan,22,GREEN ROAD,,HIGH WYCOMBE,BUCKINGHAMSHIRE,BUCKINGHAMSHIRE,A,http://landregistry.data.gov.uk/data/ppi/transaction/CFC9085C-51DC-9A70-E053-6B04A8C09D6A/current,./data-land_registry/HP13-march2020-to-nov2025.csv,22 green road nan hp13 5ba,22 GREEN ROAD HP13 5BA,24 green road hp13 5ba,87.5
35,D707E534-CFE7-0AD9-E053-6B04A8C067CC,323000,2021-01-15,HP13 5BA,S,N,F,nan,38,GREEN ROAD,,HIGH WYCOMBE,BUCKINGHAMSHIRE,BUCKINGHAMSHIRE,A,http://landregistry.data.gov.uk/data/ppi/transaction/D707E534-CFE7-0AD9-E053-6B04A8C067CC/current,./data-land_registry/HP13-march2020-to-nov2025.csv,38 green road nan hp13 5ba,38 GREEN ROAD HP13 5BA,38 green road hp13 5ba,91.66666666666666
36,D707E534-CEE6-0AD9-E053-6B04A8C067CC,390000,2021-06-30,HP13 5BA,S,N,F,nan,46,GREEN ROAD,,HIGH WYCOMBE,BUCKINGHAMSHIRE,BUCKINGHAMSHIRE,A,http://landregistry.data.gov.uk/data/ppi/transaction/D707E534-CEE6-0AD9-E053-6B04A8C067CC/current,./data-land_registry/HP13-march2020-to-nov2025.csv,46 green road nan hp13 5ba,46 GREEN ROAD HP13 5BA,46 green road hp13 5ba,91.66666666666666
37,12A8BAB5-EA27-2125-E063-4804A8C08CC1,830000,2024-02-08,HP13 5BD,S,N,F,nan,13,GREEN ROAD,,HIGH WYCOMBE,BUCKINGHAMSHIRE,BUCKINGHAMSHIRE,A,http://landregistry.data.gov.uk/data/ppi/transaction/12A8BAB5-EA27-2125-E063-4804A8C08CC1/current,./data-land_registry/HP13-march2020-to-nov2025.csv,13 green road nan hp13 5bd,13 GREEN ROAD HP13 5BD,13 green road hp13 5bd,91.66666666666666
38,3B5CE841-7498-EE3A-E063-4804A8C0D6F1,755000,2024-07-05,HP13 5BD,D,N,F,nan,15A,GREEN ROAD,,HIGH WYCOMBE,BUCKINGHAMSHIRE,BUCKINGHAMSHIRE,A,http://landregistry.data.gov.uk/data/ppi/transaction/3B5CE841-7498-EE3A-E063-4804A8C0D6F1/current,./data-land_registry/HP13-march2020-to-nov2025.csv,15a green road nan hp13 5bd,15A GREEN ROAD HP13 5BD,15a green road hp13 5bd,92.0
39,1A0C5C63-112D-7CBE-E063-4804A8C06C96,795000,2024-01-22,HP13 5BD,S,N,F,nan,29,GREEN ROAD,,HIGH WYCOMBE,BUCKINGHAMSHIRE,BUCKINGHAMSHIRE,A,http://landregistry.data.gov.uk/data/ppi/transaction/1A0C5C63-112D-7CBE-E063-4804A8C06C96/current,./data-land_registry/HP13-march2020-to-nov2025.csv,29 green road nan hp13 5bd,29 GREEN ROAD HP13 5BD,29 green road hp13 5bd,91.66666666666666
40,045A1898-54B1-9A24-E063-4804A8C048EA,582500,2022-01-25,HP13 5BH,D,N,F,nan,25,HAMILTON ROAD,,HIGH WYCOMBE,BUCKINGHAMSHIRE,BUCKINGHAMSHIRE,A,http://landregistry.data.gov.uk/data/ppi/transaction/045A1898-54B1-9A24-E063-4804A8C048EA/current,./data-land_registry/HP13-march2020-to-nov2025.csv,25 hamilton road nan hp13 5bh,25 HAMILTON ROAD HP13 5BH,35 hamilton road hp13 5bh,88.88888888888889
41,38EDC0C2-A4C4-0F63-E063-4704A8C00424,895000,2025-06-26,HP13 5BH,D,N,F,nan,31,HAMILTON ROAD,,HIGH WYCOMBE,BUCKINGHAMSHIRE,BUCKINGHAMSHIRE,A,http://landregistry.data.gov.uk/data/ppi/transaction/38EDC0C2-A4C4-0F63-E063-4704A8C00424/current,./data-land_registry/HP13-march2020-to-nov2025.csv,31 hamilton road nan hp13 5bh,31 HAMILTON ROAD HP13 5BH,31 hamilton road hp13 5bh,92.5925925925926
42,C18F412A-852C-81A6-E053-6B04A8C0AD18,585000,2021-01-29,HP13 5BH,D,N,F,nan,39,HAMILTON ROAD,,HIGH WYCOMBE,BUCKINGHAMSHIRE,BUCKINGHAMSHIRE,A,http://landregistry.data.gov.uk/data/ppi/transaction/C18F412A-852C-81A6-E053-6B04A8C0AD18/current,./data-land_registry/HP13-march2020-to-nov2025.csv,39 hamilton road nan hp13 5bh,39 HAMILTON ROAD HP13 5BH,39 hamilton road hp13 5bh,92.5925925925926
43,2859C1AB-8E95-52B4-E063-4804A8C05948,710000,2024-10-29,HP13 5BH,D,N,F,nan,45,HAMILTON ROAD,,HIGH WYCOMBE,BUCKINGHAMSHIRE,BUCKINGHAMSHIRE,A,http://landregistry.data.gov.uk/data/ppi/transaction/2859C1AB-8E95-52B4-E063-4804A8C05948/current,./data-land_registry/HP13-march2020-to-nov2025.csv,45 hamilton road nan hp13 5bh,45 HAMILTON ROAD HP13 5BH,45 hamilton road hp13 5bh,92.5925925925926
44,DE2D0CDF-56E9-51EE-E053-6C04A8C00671,850000,2022-01-10,HP13 5BH,D,N,F,nan,51,HAMILTON ROAD,,HIGH WYCOMBE,BUCKINGHAMSHIRE,BUCKINGHAMSHIRE,A,http://landregistry.data.gov.uk/data/ppi/transaction/DE2D0CDF-56E9-51EE-E053-6C04A8C00671/current,./data-land_registry/HP13-march2020-to-nov2025.csv,51 hamilton road nan hp13 5bh,51 HAMILTON ROAD HP13 5BH,51 hamilton road hp13 5bh,92.5925925925926
45,D4D42645-48B8-27F6-E053-6C04A8C0A572,600000,2021-04-08,HP13 5BH,D,N,F,nan,73,HAMILTON ROAD,,HIGH WYCOMBE,BUCKINGHAMSHIRE,BUCKINGHAMSHIRE,A,http://landregistry.data.gov.uk/data/ppi/transaction/D4D42645-48B8-27F6-E053-6C04A8C0A572/current,./data-land_registry/HP13-march2020-to-nov2025.csv,73 hamilton road nan hp13 5bh,73 HAMILTON ROAD HP13 5BH,73 hamilton road hp13 5bh,92.5925925925926
46,BC8936BB-4193-0E2C-E053-6C04A8C0DBF4,625000,2021-01-11,HP13 5BH,D,N,F,nan,73,HAMILTON ROAD,,HIGH WYCOMBE,BUCKINGHAMSHIRE,BUCKINGHAMSHIRE,A,http://landregistry.data.gov.uk/data/ppi/transaction/BC8936BB-4193-0E2C-E053-6C04A8C0DBF4/current,./data-land_registry/HP13-march2020-to-nov2025.csv,73 hamilton road nan hp13 5bh,73 HAMILTON ROAD HP13 5BH,73 hamilton road hp13 5bh,92.5925925925926
47,AE4D86D3-CEFB-4619-E053-6C04A8C03CD0,580000,2020-05-27,HP13 5BJ,D,N,F,nan,20,HAMILTON ROAD,,HIGH WYCOMBE,BUCKINGHAMSHIRE,BUCKINGHAMSHIRE,A,http://landregistry.data.gov.uk/data/ppi/transaction/AE4D86D3-CEFB-4619-E053-6C04A8C03CD0/current,./data-land_registry/HP13-march2020-to-nov2025.csv,20 hamilton road nan hp13 5bj,20 HAMILTON ROAD HP13 5BJ,20 hamilton road hp13 5bj,92.5925925925926
48,FFA361DA-8CDE-8A03-E053-4804A8C01F61,635000,2023-05-26,HP13 5BJ,S,N,F,nan,22,HAMILTON ROAD,,HIGH WYCOMBE,BUCKINGHAMSHIRE,BUCKINGHAMSHIRE,A,http://landregistry.data.gov.uk/data/ppi/transaction/FFA361DA-8CDE-8A03-E053-4804A8C01F61/current,./data-land_registry/HP13-march2020-to-nov2025.csv,22 hamilton road nan hp13 5bj,22 HAMILTON ROAD HP13 5BJ,22 hamilton road hp13 5bj,92.5925925925926
49,2859C1AB-8A62-52B4-E063-4804A8C05948,695000,2024-10-18,HP13 5BJ,D,N,F,nan,42,HAMILTON ROAD,,HIGH WYCOMBE,BUCKINGHAMSHIRE,BUCKINGHAMSHIRE,A,http://landregistry.data.gov.uk/data/ppi/transaction/2859C1AB-8A62-52B4-E063-4804A8C05948/current,./data-land_registry/HP13-march2020-to-nov2025.csv,42 hamilton road nan hp13 5bj,42 HAMILTON ROAD HP13 5BJ,42 hamilton road hp13 5bj,92.5925925925926
50,DE2D0CDF-5899-51EE-E053-6C04A8C00671,655000,2021-12-03,HP13 5BL,D,N,F,nan,THE CEDARS,FOXHILL CLOSE,,HIGH WYCOMBE,BUCKINGHAMSHIRE,BUCKINGHAMSHIRE,A,http://landregistry.data.gov.uk/data/ppi/transaction/DE2D0CDF-5899-51EE-E053-6C04A8C00671/current,./data-land_registry/HP13-march2020-to-nov2025.csv,the cedars foxhill close nan hp13 5bl,THE CEDARS FOXHILL CLOSE HP13 5BL,the cedars foxhill close hp13 5bl,94.28571428571428
51,CFC9085C-5288-9A70-E053-6B04A8C09D6A,450000,2021-07-20,HP13 5BL,D,N,F,nan,11,FOXHILL CLOSE,,HIGH WYCOMBE,BUCKINGHAMSHIRE,BUCKINGHAMSHIRE,A,http://landregistry.data.gov.uk/data/ppi/transaction/CFC9085C-5288-9A70-E053-6B04A8C09D6A/current,./data-land_registry/HP13-march2020-to-nov2025.csv,11 foxhill close nan hp13 5bl,11 FOXHILL CLOSE HP13 5BL,11a foxhill close hp13 5bl,90.9090909090909
52,D4D42645-4679-27F6-E053-6C04A8C0A572,422500,2021-09-24,HP13 5BL,D,N,F,nan,11A,FOXHILL CLOSE,,HIGH WYCOMBE,BUCKINGHAMSHIRE,BUCKINGHAMSHIRE,A,http://landregistry.data.gov.uk/data/ppi/transaction/D4D42645-4679-27F6-E053-6C04A8C0A572/current,./data-land_registry/HP13-march2020-to-nov2025.csv,11a foxhill close nan hp13 5bl,11A FOXHILL CLOSE HP13 5BL,11a foxhill close hp13 5bl,92.85714285714286
53,FFA361DA-8E12-8A03-E053-4804A8C01F61,655000,2021-06-22,HP13 5BL,D,N,F,nan,20,FOXHILL CLOSE,,HIGH WYCOMBE,BUCKINGHAMSHIRE,BUCKINGHAMSHIRE,A,http://landregistry.data.gov.uk/data/ppi/transaction/FFA361DA-8E12-8A03-E053-4804A8C01F61/current,./data-land_registry/HP13-march2020-to-nov2025.csv,20 foxhill close nan hp13 5bl,20 FOXHILL CLOSE HP13 5BL,20 foxhill close hp13 5bl,92.5925925925926
54,045A1898-5600-9A24-E063-4804A8C048EA,653000,2021-06-30,HP13 5BL,D,N,F,nan,21,FOXHILL CLOSE,,HIGH WYCOMBE,BUCKINGHAMSHIRE,BUCKINGHAMSHIRE,A,http://landregistry.data.gov.uk/data/ppi/transaction/045A1898-5600-9A24-E063-4804A8C048EA/current,./data-land_registry/HP13-march2020-to-nov2025.csv,21 foxhill close nan hp13 5bl,21 FOXHILL CLOSE HP13 5BL,21 foxhill close hp13 5bl,92.5925925925926
55,CB0035E5-8679-58AE-E053-6B04A8C091AF,359000,2021-08-13,HP13 5BP,S,N,F,nan,5,MAITLAND DRIVE,,HIGH WYCOMBE,BUCKINGHAMSHIRE,BUCKINGHAMSHIRE,A,http://landregistry.data.gov.uk/data/ppi/transaction/CB0035E5-8679-58AE-E053-6B04A8C091AF/current,./data-land_registry/HP13-march2020-to-nov2025.csv,5 maitland drive nan hp13 5bp,5 MAITLAND DRIVE HP13 5BP,5 maitland drive hp13 5bp,92.5925925925926
56,E7B085FB-D099-7E31-E053-6C04A8C0E67F,1140000,2022-08-05,HP13 5BQ,D,N,F,nan,66,HAMILTON ROAD,,HIGH WYCOMBE,BUCKINGHAMSHIRE,BUCKINGHAMSHIRE,A,http://landregistry.data.gov.uk/data/ppi/transaction/E7B085FB-D099-7E31-E053-6C04A8C0E67F/current,./data-land_registry/HP13-march2020-to-nov2025.csv,66 hamilton road nan hp13 5bq,66 HAMILTON ROAD HP13 5BQ,66 hamilton road hp13 5bq,92.5925925925926
57,F5E8B080-E85D-3A13-E053-6C04A8C060B7,750000,2023-01-19,HP13 5BQ,D,N,F,nan,81,HAMILTON ROAD,,HIGH WYCOMBE,BUCKINGHAMSHIRE,BUCKINGHAMSHIRE,A,http://landregistry.data.gov.uk/data/ppi/transaction/F5E8B080-E85D-3A13-E053-6C04A8C060B7/current,./data-land_registry/HP13-march2020-to-nov2025.csv,81 hamilton road nan hp13 5bq,81 HAMILTON ROAD HP13 5BQ,81 hamilton road hp13 5bq,92.5925925925926
58,1C3E72FD-D76F-F410-E063-4804A8C0DFA6,1260000,2023-05-10,HP13 5BQ,D,N,F,nan,85,HAMILTON ROAD,,HIGH WYCOMBE,BUCKINGHAMSHIRE,BUCKINGHAMSHIRE,A,http://landregistry.data.gov.uk/data/ppi/transaction/1C3E72FD-D76F-F410-E063-4804A8C0DFA6/current,./data-land_registry/HP13-march2020-to-nov2025.csv,85 hamilton road nan hp13 5bq,85 HAMILTON ROAD HP13 5BQ,85 hamilton road hp13 5bq,92.5925925925926
59,31C68071-C3FA-FEE3-E063-4804A8C04F37,980000,2025-03-12,HP13 5BT,D,N,F,nan,1,TERRIERS DRIVE,,HIGH WYCOMBE,BUCKINGHAMSHIRE,BUCKINGHAMSHIRE,A,http://landregistry.data.gov.uk/data/ppi/transaction/31C68071-C3FA-FEE3-E063-4804A8C04F37/current,./data-land_registry/HP13-march2020-to-nov2025.csv,1 terriers drive nan hp13 5bt,1 TERRIERS DRIVE HP13 5BT,1 terriers drive hp13 5bt,92.5925925925926
60,D707E534-D208-0AD9-E053-6B04A8C067CC,730000,2021-06-22,HP13 5BT,D,N,F,nan,5,TERRIERS DRIVE,,HIGH WYCOMBE,BUCKINGHAMSHIRE,BUCKINGHAMSHIRE,A,http://landregistry.data.gov.uk/data/ppi/transaction/D707E534-D208-0AD9-E053-6B04A8C067CC/current,./data-land_registry/HP13-march2020-to-nov2025.csv,5 terriers drive nan hp13 5bt,5 TERRIERS DRIVE HP13 5BT,5 terriers drive hp13 5bt,92.5925925925926
61,A71375FD-A7DD-7576-E053-6C04A8C0462F,410000,2020-03-02,HP13 5BU,T,N,F,nan,9,JUMELLE MEWS,,HIGH WYCOMBE,BUCKINGHAMSHIRE,BUCKINGHAMSHIRE,A,http://landregistry.data.gov.uk/data/ppi/transaction/A71375FD-A7DD-7576-E053-6C04A8C0462F/current,./data-land_registry/HP13-march2020-to-nov2025.csv,9 jumelle mews nan hp13 5bu,9 JUMELLE MEWS HP13 5BU,9 jumelle mews hp13 5bu,92.0
62,B0A9D11B-3939-4C1F-E053-6C04A8C0D716,360000,2020-07-17,HP13 5BU,S,N,F,nan,10,JUMELLE MEWS,,HIGH WYCOMBE,BUCKINGHAMSHIRE,BUCKINGHAMSHIRE,A,http://landregistry.data.gov.uk/data/ppi/transaction/B0A9D11B-3939-4C1F-E053-6C04A8C0D716/current,./data-land_registry/HP13-march2020-to-nov2025.csv,10 jumelle mews nan hp13 5bu,10 JUMELLE MEWS HP13 5BU,10 jumelle mews hp13 5bu,92.3076923076923
63,F3B6C197-C3CA-6E40-E053-6C04A8C0B3B4,484000,2022-12-09,HP13 5BW,D,N,F,nan,14,HAMILTON ROAD,,HIGH WYCOMBE,BUCKINGHAMSHIRE,BUCKINGHAMSHIRE,A,http://landregistry.data.gov.uk/data/ppi/transaction/F3B6C197-C3CA-6E40-E053-6C04A8C0B3B4/current,./data-land_registry/HP13-march2020-to-nov2025.csv,14 hamilton road nan hp13 5bw,14 HAMILTON ROAD HP13 5BW,14 hamilton road hp13 5bw,92.5925925925926
64,0B85394F-9EA6-69A5-E063-4704A8C07DAC,430000,2023-08-30,HP13 5BX,S,N,F,nan,9,GARRATTS WAY,,HIGH WYCOMBE,BUCKINGHAMSHIRE,BUCKINGHAMSHIRE,A,http://landregistry.data.gov.uk/data/ppi/transaction/0B85394F-9EA6-69A5-E063-4704A8C07DAC/current,./data-land_registry/HP13-march2020-to-nov2025.csv,9 garratts way nan hp13 5bx,9 GARRATTS WAY HP13 5BX,9 garratts way hp13 5bx,92.0
65,C6209F5E-E65A-295E-E053-6C04A8C0DDCC,355000,2021-04-08,HP13 5BX,S,N,F,nan,15,GARRATTS WAY,,HIGH WYCOMBE,BUCKINGHAMSHIRE,BUCKINGHAMSHIRE,A,http://landregistry.data.gov.uk/data/ppi/transaction/C6209F5E-E65A-295E-E053-6C04A8C0DDCC/current,./data-land_registry/HP13-march2020-to-nov2025.csv,15 garratts way nan hp13 5bx,15 GARRATTS WAY HP13 5BX,15 garratts way hp13 5bx,92.3076923076923
66,402A3A65-8830-A7DF-E063-4804A8C0B80D,427500,2025-08-29,HP13 5BY,T,N,F,nan,1,DURLEY HOLLOW,,HIGH WYCOMBE,BUCKINGHAMSHIRE,BUCKINGHAMSHIRE,A,http://landregistry.data.gov.uk/data/ppi/transaction/402A3A65-8830-A7DF-E063-4804A8C0B80D/current,./data-land_registry/HP13-march2020-to-nov2025.csv,1 durley hollow nan hp13 5by,1 DURLEY HOLLOW HP13 5BY,1 durley hollow hp13 5by,92.3076923076923
67,2F7F2B42-B120-E08F-E063-4804A8C05A49,367000,2025-02-14,HP13 5BY,S,N,F,nan,14,DURLEY HOLLOW,,HIGH WYCOMBE,BUCKINGHAMSHIRE,BUCKINGHAMSHIRE,A,http://landregistry.data.gov.uk/data/ppi/transaction/2F7F2B42-B120-E08F-E063-4804A8C05A49/current,./data-land_registry/HP13-march2020-to-nov2025.csv,14 durley hollow nan hp13 5by,14 DURLEY HOLLOW HP13 5BY,14 durley hollow hp13 5by,92.5925925925926
68,38EDC0C2-A5E1-0F63-E063-4704A8C00424,323000,2025-06-16,HP13 5BZ,T,N,F,nan,2,DUNWOOD RISE,,HIGH WYCOMBE,BUCKINGHAMSHIRE,BUCKINGHAMSHIRE,A,http://landregistry.data.gov.uk/data/ppi/transaction/38EDC0C2-A5E1-0F63-E063-4704A8C00424/current,./data-land_registry/HP13-march2020-to-nov2025.csv,2 dunwood rise nan hp13 5bz,2 DUNWOOD RISE HP13 5BZ,2 dunwood rise hp13 5bz,92.0
69,1EAE3DF6-3742-9EB1-E063-4704A8C09D02,320000,2024-07-03,HP13 5BZ,T,N,F,nan,7,DUNWOOD RISE,,HIGH WYCOMBE,BUCKINGHAMSHIRE,BUCKINGHAMSHIRE,A,http://landregistry.data.gov.uk/data/ppi/transaction/1EAE3DF6-3742-9EB1-E063-4704A8C09D02/current,./data-land_registry/HP13-march2020-to-nov2025.csv,7 dunwood rise nan hp13 5bz,7 DUNWOOD RISE HP13 5BZ,7 dunwood rise hp13 5bz,92.0
70,D93B27B0-4F85-3100-E053-6C04A8C08887,330000,2021-09-09,HP13 5BZ,T,N,F,nan,7,DUNWOOD RISE,,HIGH WYCOMBE,BUCKINGHAMSHIRE,BUCKINGHAMSHIRE,A,http://landregistry.data.gov.uk/data/ppi/transaction/D93B27B0-4F85-3100-E053-6C04A8C08887/current,./data-land_registry/HP13-march2020-to-nov2025.csv,7 dunwood rise nan hp13 5bz,7 DUNWOOD RISE HP13 5BZ,7 dunwood rise hp13 5bz,92.0
71,C6209F5E-E760-295E-E053-6C04A8C0DDCC,385000,2021-05-21,HP13 5BZ,T,N,F,nan,8,DUNWOOD RISE,,HIGH WYCOMBE,BUCKINGHAMSHIRE,BUCKINGHAMSHIRE,A,http://landregistry.data.gov.uk/data/ppi/transaction/C6209F5E-E760-295E-E053-6C04A8C0DDCC/current,./data-land_registry/HP13-march2020-to-nov2025.csv,8 dunwood rise nan hp13 5bz,8 DUNWOOD RISE HP13 5BZ,8 dunwood rise hp13 5bz,92.0
72,42C129E4-3C81-60A9-E063-4804A8C0C25D,600000,2025-08-14,HP13 5DA,T,N,F,nan,7,PARK VIEW CRESCENT,,HIGH WYCOMBE,BUCKINGHAMSHIRE,BUCKINGHAMSHIRE,A,http://landregistry.data.gov.uk/data/ppi/transaction/42C129E4-3C81-60A9-E063-4804A8C0C25D/current,./data-land_registry/HP13-march2020-to-nov2025.csv,7 park view crescent nan hp13 5da,7 PARK VIEW CRESCENT HP13 5DA,7 park view crescent coates lane hp13 5da,86.48648648648648
73,A71375FD-A7DA-7576-E053-6C04A8C0462F,565000,2020-03-06,HP13 5DA,T,N,F,nan,17,PARK VIEW CRESCENT,,HIGH WYCOMBE,BUCKINGHAMSHIRE,BUCKINGHAMSHIRE,A,http://landregistry.data.gov.uk/data/ppi/transaction/A71375FD-A7DA-7576-E053-6C04A8C0462F/current,./data-land_registry/HP13-march2020-to-nov2025.csv,17 park view crescent nan hp13 5da,17 PARK VIEW CRESCENT HP13 5DA,17 park view crescent coates lane hp13 5da,86.8421052631579
74,EC7AD099-5004-9200-E053-6C04A8C0E306,550000,2022-10-07,HP13 5DB,T,N,F,nan,7,HARRISONS WAY,,HIGH WYCOMBE,BUCKINGHAMSHIRE,BUCKINGHAMSHIRE,A,http://landregistry.data.gov.uk/data/ppi/transaction/EC7AD099-5004-9200-E053-6C04A8C0E306/current,./data-land_registry/HP13-march2020-to-nov2025.csv,7 harrisons way nan hp13 5db,7 HARRISONS WAY HP13 5DB,7 harrisons way hp13 5db,92.3076923076923
75,D707E534-D265-0AD9-E053-6B04A8C067CC,425000,2021-09-24,HP13 5DJ,S,N,F,nan,4,HUGHENDEN BOULEVARD,,HIGH WYCOMBE,BUCKINGHAMSHIRE,BUCKINGHAMSHIRE,A,http://landregistry.data.gov.uk/data/ppi/transaction/D707E534-D265-0AD9-E053-6B04A8C067CC/current,./data-land_registry/HP13-march2020-to-nov2025.csv,4 hughenden boulevard nan hp13 5dj,4 HUGHENDEN BOULEVARD HP13 5DJ,4 hughenden boulevard hp13 5dj,93.75
76,DBA933F8-FDA6-669D-E053-6B04A8C0AD56,295000,2021-10-19,HP13 5DS,T,N,F,nan,30,TEMPLE END,,HIGH WYCOMBE,BUCKINGHAMSHIRE,BUCKINGHAMSHIRE,A,http://landregistry.data.gov.uk/data/ppi/transaction/DBA933F8-FDA6-669D-E053-6B04A8C0AD56/current,./data-land_registry/HP13-march2020-to-nov2025.csv,30 temple end nan hp13 5ds,30 TEMPLE END HP13 5DS,30 temple end hp13 5ds,91.66666666666666
77,FD226035-8D6B-4CB7-E053-4804A8C00430,322500,2023-03-24,HP13 5DS,T,N,F,nan,36,TEMPLE END,,HIGH WYCOMBE,BUCKINGHAMSHIRE,BUCKINGHAMSHIRE,A,http://landregistry.data.gov.uk/data/ppi/transaction/FD226035-8D6B-4CB7-E053-4804A8C00430/current,./data-land_registry/HP13-march2020-to-nov2025.csv,36 temple end nan hp13 5ds,36 TEMPLE END HP13 5DS,36 temple end hp13 5ds,91.66666666666666
78,B82222EC-84A7-6691-E053-6B04A8C02FB2,247500,2020-10-30,HP13 5DS,T,N,F,nan,36,TEMPLE END,,HIGH WYCOMBE,BUCKINGHAMSHIRE,BUCKINGHAMSHIRE,A,http://landregistry.data.gov.uk/data/ppi/transaction/B82222EC-84A7-6691-E053-6B04A8C02FB2/current,./data-land_registry/HP13-march2020-to-nov2025.csv,36 temple end nan hp13 5ds,36 TEMPLE END HP13 5DS,36 temple end hp13 5ds,91.66666666666666
79,E7B085FB-D0B1-7E31-E053-6C04A8C0E67F,335000,2022-07-15,HP13 5DS,T,N,F,nan,38,TEMPLE END,,HIGH WYCOMBE,BUCKINGHAMSHIRE,BUCKINGHAMSHIRE,A,http://landregistry.data.gov.uk/data/ppi/transaction/E7B085FB-D0B1-7E31-E053-6C04A8C0E67F/current,./data-land_registry/HP13-march2020-to-nov2025.csv,38 temple end nan hp13 5ds,38 TEMPLE END HP13 5DS,38 temple end hp13 5ds,91.66666666666666
80,E53EDD2D-5DBF-83EC-E053-6B04A8C03A59,317000,2022-06-27,HP13 5DS,T,N,F,nan,42,TEMPLE END,,HIGH WYCOMBE,BUCKINGHAMSHIRE,BUCKINGHAMSHIRE,A,http://landregistry.data.gov.uk/data/ppi/transaction/E53EDD2D-5DBF-83EC-E053-6B04A8C03A59/current,./data-land_registry/HP13-march2020-to-nov2025.csv,42 temple end nan hp13 5ds,42 TEMPLE END HP13 5DS,42 temple end hp13 5ds,91.66666666666666
81,F5E8B080-E71F-3A13-E053-6C04A8C060B7,338000,2023-01-04,HP13 5DS,T,N,F,nan,44,TEMPLE END,,HIGH WYCOMBE,BUCKINGHAMSHIRE,BUCKINGHAMSHIRE,A,http://landregistry.data.gov.uk/data/ppi/transaction/F5E8B080-E71F-3A13-E053-6C04A8C060B7/current,./data-land_registry/HP13-march2020-to-nov2025.csv,44 temple end nan hp13 5ds,44 TEMPLE END HP13 5DS,44 temple end hp13 5ds,91.66666666666666
82,25E9DA80-6F3D-555E-E063-4704A8C066F2,315000,2024-10-18,HP13 5DS,T,N,F,nan,46,TEMPLE END,,HIGH WYCOMBE,BUCKINGHAMSHIRE,BUCKINGHAMSHIRE,A,http://landregistry.data.gov.uk/data/ppi/transaction/25E9DA80-6F3D-555E-E063-4704A8C066F2/current,./data-land_registry/HP13-march2020-to-nov2025.csv,46 temple end nan hp13 5ds,46 TEMPLE END HP13 5DS,46 temple end hp13 5ds,91.66666666666666
83,E53EDD2D-5C07-83EC-E053-6B04A8C03A59,305500,2022-03-04,HP13 5DS,T,N,F,nan,46,TEMPLE END,,HIGH WYCOMBE,BUCKINGHAMSHIRE,BUCKINGHAMSHIRE,A,http://landregistry.data.gov.uk/data/ppi/transaction/E53EDD2D-5C07-83EC-E053-6B04A8C03A59/current,./data-land_registry/HP13-march2020-to-nov2025.csv,46 temple end nan hp13 5ds,46 TEMPLE END HP13 5DS,46 temple end hp13 5ds,91.66666666666666
84,E7B085FB-D0FA-7E31-E053-6C04A8C0E67F,300000,2022-07-08,HP13 5DS,T,N,F,nan,54,TEMPLE END,,HIGH WYCOMBE,BUCKINGHAMSHIRE,BUCKINGHAMSHIRE,A,http://landregistry.data.gov.uk/data/ppi/transaction/E7B085FB-D0FA-7E31-E053-6C04A8C0E67F/current,./data-land_registry/HP13-march2020-to-nov2025.csv,54 temple end nan hp13 5ds,54 TEMPLE END HP13 5DS,54 temple end hp13 5ds,91.66666666666666
85,045A1898-554E-9A24-E063-4804A8C048EA,350000,2023-08-02,HP13 5DT,S,N,F,nan,4,HUGHENDEN ROAD,,HIGH WYCOMBE,BUCKINGHAMSHIRE,BUCKINGHAMSHIRE,A,http://landregistry.data.gov.uk/data/ppi/transaction/045A1898-554E-9A24-E063-4804A8C048EA/current,./data-land_registry/HP13-march2020-to-nov2025.csv,4 hughenden road nan hp13 5dt,4 HUGHENDEN ROAD HP13 5DT,4 hughenden road hp13 5dt,92.5925925925926
86,CB0035E5-888B-58AE-E053-6B04A8C091AF,305000,2021-04-30,HP13 5DT,S,N,F,nan,6,HUGHENDEN ROAD,,HIGH WYCOMBE,BUCKINGHAMSHIRE,BUCKINGHAMSHIRE,A,http://landregistry.data.gov.uk/data/ppi/transaction/CB0035E5-888B-58AE-E053-6B04A8C091AF/current,./data-land_registry/HP13-march2020-to-nov2025.csv,6 hughenden road nan hp13 5dt,6 HUGHENDEN ROAD HP13 5DT,6 hughenden road hp13 5dt,92.5925925925926
87,DE2D0CDF-568E-51EE-E053-6C04A8C00671,334000,2021-02-18,HP13 5DT,S,N,F,nan,8,HUGHENDEN ROAD,,HIGH WYCOMBE,BUCKINGHAMSHIRE,BUCKINGHAMSHIRE,A,http://landregistry.data.gov.uk/data/ppi/transaction/DE2D0CDF-568E-51EE-E053-6C04A8C00671/current,./data-land_registry/HP13-march2020-to-nov2025.csv,8 hughenden road nan hp13 5dt,8 HUGHENDEN ROAD HP13 5DT,8 hughenden road hp13 5dt,92.5925925925926
88,D22473F4-DEB3-7B40-E053-6C04A8C0A630,287500,2021-08-06,HP13 5DT,S,N,F,nan,20,HUGHENDEN ROAD,,HIGH WYCOMBE,BUCKINGHAMSHIRE,BUCKINGHAMSHIRE,A,http://landregistry.data.gov.uk/data/ppi/transaction/D22473F4-DEB3-7B40-E053-6C04A8C0A630/current,./data-land_registry/HP13-march2020-to-nov2025.csv,20 hughenden road nan hp13 5dt,20 HUGHENDEN ROAD HP13 5DT,20 hughenden road hp13 5dt,92.85714285714286
89,E2D14905-1184-4C2D-E053-6B04A8C0422B,185250,2022-05-20,HP13 5DT,S,N,F,nan,24,HUGHENDEN ROAD,,HIGH WYCOMBE,BUCKINGHAMSHIRE,BUCKINGHAMSHIRE,A,http://landregistry.data.gov.uk/data/ppi/transaction/E2D14905-1184-4C2D-E053-6B04A8C0422B/current,./data-land_registry/HP13-march2020-to-nov2025.csv,24 hughenden road nan hp13 5dt,24 HUGHENDEN ROAD HP13 5DT,24 hughenden road hp13 5dt,92.85714285714286
90,EC7AD099-4E16-9200-E053-6C04A8C0E306,367500,2022-09-02,HP13 5DT,S,N,F,nan,30,HUGHENDEN ROAD,,HIGH WYCOMBE,BUCKINGHAMSHIRE,BUCKINGHAMSHIRE,A,http://landregistry.data.gov.uk/data/ppi/transaction/EC7AD099-4E16-9200-E053-6C04A8C0E306/current,./data-land_registry/HP13-march2020-to-nov2025.csv,30 hughenden road nan hp13 5dt,30 HUGHENDEN ROAD HP13 5DT,30 hughenden road hp13 5dt,92.85714285714286
91,D707E534-CECE-0AD9-E053-6B04A8C067CC,368000,2021-09-18,HP13 5DT,S,N,F,nan,34,HUGHENDEN ROAD,,HIGH WYCOMBE,BUCKINGHAMSHIRE,BUCKINGHAMSHIRE,A,http://landregistry.data.gov.uk/data/ppi/transaction/D707E534-CECE-0AD9-E053-6B04A8C067CC/current,./data-land_registry/HP13-march2020-to-nov2025.csv,34 hughenden road nan hp13 5dt,34 HUGHENDEN ROAD HP13 5DT,4 hughenden road hp13 5dt,90.9090909090909
92,E7B085FB-D113-7E31-E053-6C04A8C0E67F,375000,2022-04-08,HP13 5DU,S,N,F,nan,64,HUGHENDEN ROAD,,HIGH WYCOMBE,BUCKINGHAMSHIRE,BUCKINGHAMSHIRE,A,http://landregistry.data.gov.uk/data/ppi/transaction/E7B085FB-D113-7E31-E053-6C04A8C0E67F/current,./data-land_registry/HP13-march2020-to-nov2025.csv,64 hughenden road nan hp13 5du,64 HUGHENDEN ROAD HP13 5DU,64 hughenden road hp13 5du,92.85714285714286
93,D22473F4-DF25-7B40-E053-6C04A8C0A630,335000,2021-09-01,HP13 5DU,S,N,F,nan,66,HUGHENDEN ROAD,,HIGH WYCOMBE,BUCKINGHAMSHIRE,BUCKINGHAMSHIRE,A,http://landregistry.data.gov.uk/data/ppi/transaction/D22473F4-DF25-7B40-E053-6C04A8C0A630/current,./data-land_registry/HP13-march2020-to-nov2025.csv,66 hughenden road nan hp13 5du,66 HUGHENDEN ROAD HP13 5DU,66 hughenden road hp13 5du,92.85714285714286
94,EA3278A9-8EC8-2676-E053-6B04A8C015F8,376000,2022-09-02,HP13 5DU,S,N,F,nan,76,HUGHENDEN ROAD,,HIGH WYCOMBE,BUCKINGHAMSHIRE,BUCKINGHAMSHIRE,A,http://landregistry.data.gov.uk/data/ppi/transaction/EA3278A9-8EC8-2676-E053-6B04A8C015F8/current,./data-land_registry/HP13-march2020-to-nov2025.csv,76 hughenden road nan hp13 5du,76 HUGHENDEN ROAD HP13 5DU,76 hughenden road hp13 5du,92.85714285714286
95,38EDC0C2-A45B-0F63-E063-4704A8C00424,364000,2025-02-26,HP13 5DU,S,N,F,nan,80,HUGHENDEN ROAD,,HIGH WYCOMBE,BUCKINGHAMSHIRE,BUCKINGHAMSHIRE,A,http://landregistry.data.gov.uk/data/ppi/transaction/38EDC0C2-A45B-0F63-E063-4704A8C00424/current,./data-land_registry/HP13-march2020-to-nov2025.csv,80 hughenden road nan hp13 5du,80 HUGHENDEN ROAD HP13 5DU,80 hughenden road hp13 5du,92.85714285714286
96,31C68071-C2E5-FEE3-E063-4804A8C04F37,340000,2025-03-21,HP13 5DU,S,N,F,nan,86,HUGHENDEN ROAD,,HIGH WYCOMBE,BUCKINGHAMSHIRE,BUCKINGHAMSHIRE,A,http://landregistry.data.gov.uk/data/ppi/transaction/31C68071-C2E5-FEE3-E063-4804A8C04F37/current,./data-land_registry/HP13-march2020-to-nov2025.csv,86 hughenden road nan hp13 5du,86 HUGHENDEN ROAD HP13 5DU,86 hughenden road hp13 5du,92.85714285714286
97,F3B6C197-C43D-6E40-E053-6C04A8C0B3B4,365000,2022-11-02,HP13 5DU,S,N,F,nan,92,HUGHENDEN ROAD,,HIGH WYCOMBE,BUCKINGHAMSHIRE,BUCKINGHAMSHIRE,A,http://landregistry.data.gov.uk/data/ppi/transaction/F3B6C197-C43D-6E40-E053-6C04A8C0B3B4/current,./data-land_registry/HP13-march2020-to-nov2025.csv,92 hughenden road nan hp13 5du,92 HUGHENDEN ROAD HP13 5DU,92 hughenden road hp13 5du,92.85714285714286
98,E073986A-D449-2134-E053-6C04A8C0233B,427000,2022-01-20,HP13 5EA,S,N,F,nan,68,TELFORD WAY,,HIGH WYCOMBE,BUCKINGHAMSHIRE,BUCKINGHAMSHIRE,A,http://landregistry.data.gov.uk/data/ppi/transaction/E073986A-D449-2134-E053-6C04A8C0233B/current,./data-land_registry/HP13-march2020-to-nov2025.csv,68 telford way nan hp13 5ea,68 TELFORD WAY HP13 5EA,68 telford way hp13 5ea,92.0
99,42C129E4-3B73-60A9-E063-4804A8C0C25D,430000,2025-09-15,HP13 5EA,T,N,F,nan,80,TELFORD WAY,,HIGH WYCOMBE,BUCKINGHAMSHIRE,BUCKINGHAMSHIRE,A,http://landregistry.data.gov.uk/data/ppi/transaction/42C129E4-3B73-60A9-E063-4804A8C0C25D/current,./data-land_registry/HP13-march2020-to-nov2025.csv,80 telford way nan hp13 5ea,80 TELFORD WAY HP13 5EA,80 telford way hp13 5ea,92.0
